<project xmlns="http://maven.apache.org/POM/4.0.0" xmlns:xsi="http://www.w3.org/2001/XMLSchema-instance"
  xsi:schemaLocation="http://maven.apache.org/POM/4.0.0 http://maven.apache.org/maven-v4_0_0.xsd">
  <modelVersion>4.0.0</modelVersion>
  <groupId>com.mvnprjct</groupId>
  <artifactId>my-mvnprjct</artifactId>
  <packaging>jar</packaging>
  <version>1.0-SNAPSHOT</version>
  
  <name>my-mvnprjct</name>
  <url>http://maven.apache.org</url>
  
  <properties>
    <project.build.sourceEncoding>UTF-8</project.build.sourceEncoding>
  </properties>
  
  <dependencies>
    <dependency>
     	<groupId>org.testng</groupId>
		<artifactId>testng</artifactId>
		<version>6.5.2</version>
		<scope>test</scope>
    </dependency>
	<dependency>
	   	<groupId>org.seleniumhq.selenium</groupId>
	   	<artifactId>selenium-server</artifactId>
	   	<version>2.24.1</version>
   </dependency>
   <dependency>
	   	<groupId>org.seleniumhq.selenium.client-drivers</groupId>
	   	<artifactId>selenium-java-client-driver</artifactId>
	   	<version>1.0.2</version>
   </dependency>
   <dependency>
	   	<groupId>net.sourceforge.jexcelapi</groupId>
	   	<artifactId>jxl</artifactId>
	   	<version>2.6.12</version>
   </dependency>
    <dependency>
      <groupId>log4j</groupId>
      <artifactId>log4j</artifactId>
      <version>1.2.12</version>
	  <scope>test</scope>
    </dependency>
	<dependency>
   	<groupId>org.apache.poi</groupId>
   	<artifactId>poi</artifactId>
   	<version>3.8</version>
   </dependency>
   </dependencies>
  
  <pluginRepositories>
    <pluginRepository>
      <id>testng-xslt-plugin</id>
      <url>http://www.cosminaru.ro/maven/</url>
    </pluginRepository>
  </pluginRepositories>
  
  <build>
  <plugins>
	<plugin>
	   <groupId>com.keyboardsamurais.maven</groupId>
	   <artifactId>maven-timestamp-plugin</artifactId>
	   <version>1.0</version>
	   <configuration>
	    <propertyName>timestamp</propertyName>
	    <timestampPattern>dd.MMM.yy HHmm</timestampPattern>
	   </configuration>
	   <executions>
	    <execution>
	      <goals>
			<goal>create</goal>
		  </goals>     
	    </execution>
	   </executions>
	</plugin>
	<plugin>
      <groupId>org.apache.maven.plugins</groupId>
      <artifactId>maven-compiler-plugin</artifactId>
      <version>2.0.2</version>
      <configuration>
        <source>1.6</source>
        <target>1.6</target>
      </configuration>
	</plugin>
	<plugin>
        <groupId>org.apache.maven.plugins</groupId>
        <artifactId>maven-surefire-plugin</artifactId>
        <version>2.12</version>
        <configuration>
			<suiteXmlFiles>
				<suiteXmlFile>${project.basedir}/src/test/resources/testng.xml</suiteXmlFile>
        	</suiteXmlFiles>
			<testFailureIgnore>true</testFailureIgnore>
		</configuration>
	</plugin>
	<!--plugin>
      <groupId>org.codehaus.mojo</groupId>
      <artifactId>exec-maven-plugin</artifactId>
      <version>1.2.1</version>
      <configuration>
		<mainClass>com.mvnprjct.NewClass</mainClass>
      </configuration>	  
    </plugin-->
    <plugin>
		  <artifactId>maven-assembly-plugin</artifactId>
		  <version>2.2-beta-5</version>
		  <executions>
		    <execution>
		      <id>make-zip</id>
		      <phase>site</phase> 
		      <goals>
		        <goal>single</goal>
		      </goals>
			  <configuration>
				<finalName>2GU-SmokeTestReport_${timestamp}</finalName>
				<descriptors>
					<descriptor>zip.xml</descriptor>
				</descriptors>
			  </configuration>
		    </execution>
		  </executions>
	</plugin>
	<plugin>
        <groupId>org.apache.maven.plugins</groupId>
        <artifactId>maven-enforcer-plugin</artifactId>
        <version>1.1.1</version>
        <executions>
          <execution>
            <id>enforce-files-exist</id>
			<phase>site</phase>
            <goals>
              <goal>enforce</goal>
            </goals>
            <configuration>
              <rules>
                <requireFilesExist>
                  <files>
                   <file>${project.basedir}/target/2GU-SmokeTestExecutionReport_${timestamp}.zip</file>
                  </files>
                </requireFilesExist>
              </rules>
              <fail>true</fail>
            </configuration>
          </execution>
        </executions>
      </plugin>
	<!--plugin>
        <groupId>org.apache.maven.plugins</groupId>
        <artifactId>maven-verifier-plugin</artifactId>
        <version>1.0</version>
        <configuration>
        <verificationFile>${project.basedir}/src/test/verifier/verifications.xml</verificationFile>
		</configuration>
        <executions>
          <execution>
            <id>main</id>
            <phase>site</phase>
            <goals>
              <goal>verify</goal>
            </goals>
          </execution>
        </executions>
    </plugin-->
	<!--plugin>
    <groupId>com.github.goldin</groupId>
    <artifactId>assert-maven-plugin</artifactId>
    <version>0.2.5</version>
    <executions>
        <execution>
            <id>validate-zip</id>
			<phase>install</phase>
            <goals>
                <goal>assert</goal>
            </goals>           
            <configuration>
                <assertFiles>
                    ${basedir}/target/*.zip
                </assertFiles>
            </configuration>
        </execution>
    </executions>
    </plugin-->
	<plugin>
      	<groupId>ch.fortysix</groupId>
      	<artifactId>maven-postman-plugin</artifactId>
		<version>0.1.6</version>
		<executions>
                <execution>
                        <id>send-mail</id>
						<phase>site</phase>
                        <goals>
							<goal>send-mail</goal>
						</goals>
                        <inherited>false</inherited>
				      	<configuration>
				            <mailssl>false</mailssl>
							<mailhost>techizen.in</mailhost>
							<mailuser>somesh.bansal@techizen.in</mailuser>
                            <mailpassword>X44l^=?E7[QZ</mailpassword>
							<mailport>25</mailport>
							<from>somesh.bansal@techizen.in</from>
							<subject>2GU - Smoke Test Execution Report</subject>
							<htmlMessage>Attached is the Test Report of Smoke Test executed at ${timestamp}</htmlMessage>
                            <failonerror>true</failonerror>
                            <receivers>
				            	<receiver>tutordemo2@gmail.com</receiver>
				            </receivers>
				      	        <fileSets>
                                        <fileSet>
                                                <!--directory>${basedir}/target/site</directory-->
												<directory>${basedir}</directory>
                                                <includes>
                                                        <!--include>surefire-report.html</include-->
														<include>**/*.zip</include>
                                                </includes>
                                        </fileSet>
                                </fileSets>
                        </configuration>
                </execution>
        </executions>
	</plugin>
  </plugins>
  </build>
  
  <reporting>
    <plugins>
    <!-- TestNG-xslt related configuration. -->
      <plugin>
        <groupId>org.testng.xslt</groupId>
        <artifactId>testng-xslt-plugin</artifactId>
        <version>1.1.2</version>
        <configuration>
          <!--Output directory for the report -->
          <!--outputDir>target/testng-xslt-report</outputDir-->
          <sortTestCaseLinks>true</sortTestCaseLinks>
          <testDetailsFilter>FAIL,SKIP,PASS,CONF,BY_CLASS</testDetailsFilter>
          <showRuntimeTotals>true</showRuntimeTotals>
        </configuration>
      </plugin>
	  <plugin>
            <groupId>org.apache.maven.plugins</groupId>
            <artifactId>maven-surefire-report-plugin</artifactId>
            <version>2.4.3</version>
      </plugin>
      </plugins>
  </reporting>
 </project>
